Workbook

Sheet 印刷用
A1: =IF(短文入力!B10="","",IF(LEN(短文入力!B10)>30,"印刷タイトルを30文字以内にしてください",短文入力!B10)) | J1: 見本
A2: お名前 | C2: ＿＿＿＿＿＿＿＿＿＿＿＿＿＿＿＿＿＿＿＿ | H2: =IF(OR(短文入力!B11="",SUBSTITUTE(SUBSTITUTE(短文入力!B11," ","")," ","")="月日")," 月 日",短文入力!B11) -> 月 日
A4: =IF(OR(短文入力!B13>70,短文入力!B13=0),"",MID(短文入力!D13,64,1)) | B4: =IF(OR(短文入力!B13>70,短文入力!B13=0),"",MID(短文入力!D13,57,1)) -> き | C4: =IF(OR(短文入力!B13>70,短文入力!B13=0),"",MID(短文入力!D13,50,1)) -> 静 | D4: =IF(OR(短文入力!B13>70,短文入力!B13=0),"",MID(短文入力!D13,43,1)) -> 木 | E4: =IF(OR(短文入力!B13>70,短文入力!B13=0),"",MID(短文入力!D13,36,1)) -> く | F4: =IF(OR(短文入力!B13>70,短文入力!B13=0),"",MID(短文入力!D13,29,1)) -> び | G4: =IF(OR(短文入力!B13>70,短文入力!B13=0),"",MID(短文入力!D13,22,1)) -> す | H4: =IF(OR(短文入力!B13>70,短文入力!B13=0),"",MID(短文入力!D13,15,1)) -> が | I4: =IF(OR(短文入力!B13>70,短文入力!B13=0),"",MID(短文入力!D13,8,1)) -> ︑ | J4: =IF(OR(短文入力!B13>70,短文入力!B13=0),"",MID(短文入力!D13,1,1)) -> 秋
A5: =IF(OR(短文入力!B13>70,短文入力!B13=0),"",MID(短文入力!D13,65,1)) | B5: =IF(OR(短文入力!B13>70,短文入力!B13=0),"",MID(短文入力!D13,58,1)) -> ま | C5: =IF(OR(短文入力!B13>70,短文入力!B13=0),"",MID(短文入力!D13,51,1)) -> か | D5: =IF(OR(短文入力!B13>70,短文入力!B13=0),"",MID(短文入力!D13,44,1)) -> 漏 | E5: =IF(OR(短文入力!B13>70,短文入力!B13=0),"",MID(短文入力!D13,37,1)) -> る | F5: =IF(OR(短文入力!B13>70,短文入力!B13=0),"",MID(短文入力!D13,30,1)) -> に | G5: =IF(OR(短文入力!B13>70,短文入力!B13=0),"",MID(短文入力!D13,23,1)) -> ︒ | H5: =IF(OR(短文入力!B13>70,短文入力!B13=0),"",MID(短文入力!D13,16,1)) -> 重 | I5: =IF(OR(短文入力!B13>70,短文入力!B13=0),"",MID(短文入力!D13,9,1)) -> 赤 | J5: =IF(OR(短文入力!B13>70,短文入力!B13=0),"",MID(短文入力!D13,2,1)) -> の
A6: =IF(OR(短文入力!B13>70,短文入力!B13=0),"",MID(短文入力!D13,66,1)) | B6: =IF(OR(短文入力!B13>70,短文入力!B13=0),"",MID(短文入力!D13,59,1)) -> し | C6: =IF(OR(短文入力!B13>70,短文入力!B13=0),"",MID(短文入力!D13,52,1)) -> に | D6: =IF(OR(短文入力!B13>70,短文入力!B13=0),"",MID(短文入力!D13,45,1)) -> れ | E6: =IF(OR(短文入力!B13>70,短文入力!B13=0),"",MID(短文入力!D13,38,1)) -> り | F6: =IF(OR(短文入力!B13>70,短文入力!B13=0),"",MID(短文入力!D13,31,1)) -> 一 | G6: =IF(OR(短文入力!B13>70,短文入力!B13=0),"",MID(短文入力!D13,24,1)) -> 風 | H6: =IF(OR(短文入力!B13>70,短文入力!B13=0),"",MID(短文入力!D13,17,1)) -> な | I6: =IF(OR(短文入力!B13>70,短文入力!B13=0),"",MID(短文入力!D13,10,1)) -> や | J6: =IF(OR(短文入力!B13>70,短文入力!B13=0),"",MID(短文入力!D13,3,1)) -> 小
A7: =IF(OR(短文入力!B13>70,短文入力!B13=0),"",MID(短文入力!D13,67,1)) | B7: =IF(OR(短文入力!B13>70,短文入力!B13=0),"",MID(短文入力!D13,60,1)) -> た | C7: =IF(OR(短文入力!B13>70,短文入力!B13=0),"",MID(短文入力!D13,53,1)) -> 降 | D7: =IF(OR(短文入力!B13>70,短文入力!B13=0),"",MID(短文入力!D13,46,1)) -> 日 | E7: =IF(OR(短文入力!B13>70,短文入力!B13=0),"",MID(短文入力!D13,39,1)) -> と | F7: =IF(OR(短文入力!B13>70,短文入力!B13=0),"",MID(短文入力!D13,32,1)) -> 枚 | G7: =IF(OR(短文入力!B13>70,短文入力!B13=0),"",MID(短文入力!D13,25,1)) -> が | H7: =IF(OR(短文入力!B13>70,短文入力!B13=0),"",MID(短文入力!D13,18,1)) -> っ | I7: =IF(OR(短文入力!B13>70,短文入力!B13=0),"",MID(短文入力!D13,11,1)) -> 黄 | J7: =IF(OR(短文入力!B13>70,短文入力!B13=0),"",MID(短文入力!D13,4,1)) -> 道
A8: =IF(OR(短文入力!B13>70,短文入力!B13=0),"",MID(短文入力!D13,68,1)) | B8: =IF(OR(短文入力!B13>70,短文入力!B13=0),"",MID(短文入力!D13,61,1)) -> ︒ | C8: =IF(OR(短文入力!B13>70,短文入力!B13=0),"",MID(短文入力!D13,54,1)) -> り | D8: =IF(OR(短文入力!B13>70,短文入力!B13=0),"",MID(短文入力!D13,47,1)) -> の | E8: =IF(OR(短文入力!B13>70,短文入力!B13=0),"",MID(短文入力!D13,40,1)) -> 舞 | F8: =IF(OR(短文入力!B13>70,短文入力!B13=0),"",MID(短文入力!D13,33,1)) -> の | G8: =IF(OR(短文入力!B13>70,短文入力!B13=0),"",MID(短文入力!D13,26,1)) -> 通 | H8: =IF(OR(短文入力!B13>70,短文入力!B13=0),"",MID(短文入力!D13,19,1)) -> て | I8: =IF(OR(短文入力!B13>70,短文入力!B13=0),"",MID(短文入力!D13,12,1)) -> 色 | J8: =IF(OR(短文入力!B13>70,短文入力!B13=0),"",MID(短文入力!D13,5,1)) -> の
A9: =IF(OR(短文入力!B13>70,短文入力!B13=0),"",MID(短文入力!D13,69,1)) | B9: =IF(OR(短文入力!B13>70,短文入力!B13=0),"",MID(短文入力!D13,62,1)) | C9: =IF(OR(短文入力!B13>70,短文入力!B13=0),"",MID(短文入力!D13,55,1)) -> て | D9: =IF(OR(短文入力!B13>70,短文入力!B13=0),"",MID(短文入力!D13,48,1)) -> 中 | E9: =IF(OR(短文入力!B13>70,短文入力!B13=0),"",MID(短文入力!D13,41,1)) -> い | F9: =IF(OR(短文入力!B13>70,短文入力!B13=0),"",MID(短文入力!D13,34,1)) -> 葉 | G9: =IF(OR(短文入力!B13>70,短文入力!B13=0),"",MID(短文入力!D13,27,1)) -> る | H9: =IF(OR(短文入力!B13>70,短文入力!B13=0),"",MID(短文入力!D13,20,1)) -> い | I9: =IF(OR(短文入力!B13>70,短文入力!B13=0),"",MID(短文入力!D13,13,1)) -> の | J9: =IF(OR(短文入力!B13>70,短文入力!B13=0),"",MID(短文入力!D13,6,1)) -> 上
A10: =IF(OR(短文入力!B13>70,短文入力!B13=0),"",MID(短文入力!D13,70,1)) | B10: =IF(OR(短文入力!B13>70,短文入力!B13=0),"",MID(短文入力!D13,63,1)) | C10: =IF(OR(短文入力!B13>70,短文入力!B13=0),"",MID(短文入力!D13,56,1)) -> い | D10: =IF(OR(短文入力!B13>70,短文入力!B13=0),"",MID(短文入力!D13,49,1)) -> へ | E10: =IF(OR(短文入力!B13>70,短文入力!B13=0),"",MID(短文入力!D13,42,1)) -> ︑ | F10: =IF(OR(短文入力!B13>70,短文入力!B13=0),"",MID(短文入力!D13,35,1)) -> が | G10: =IF(OR(短文入力!B13>70,短文入力!B13=0),"",MID(短文入力!D13,28,1)) -> た | H10: =IF(OR(短文入力!B13>70,短文入力!B13=0),"",MID(短文入力!D13,21,1)) -> ま | I10: =IF(OR(短文入力!B13>70,短文入力!B13=0),"",MID(短文入力!D13,14,1)) -> 葉 | J10: =IF(OR(短文入力!B13>70,短文入力!B13=0),"",MID(短文入力!D13,7,1)) -> に
A12: ← 書き写し
A21: =IF(短文入力!B19="","",IF(LEN(短文入力!B19)>30,"印刷タイトルを30文字以内にしてください",短文入力!B19)) | J21: 見本
A22: お名前 | C22: ＿＿＿＿＿＿＿＿＿＿＿＿＿＿＿＿＿＿＿＿ | H22: =IF(OR(短文入力!B20="",SUBSTITUTE(SUBSTITUTE(短文入力!B20," ","")," ","")="月日")," 月 日",短文入力!B20) -> 月 日
A24: =IF(OR(短文入力!B22>70,短文入力!B22=0),"",MID(短文入力!D22,64,1)) | B24: =IF(OR(短文入力!B22>70,短文入力!B22=0),"",MID(短文入力!D22,57,1)) -> な | C24: =IF(OR(短文入力!B22>70,短文入力!B22=0),"",MID(短文入力!D22,50,1)) -> と | D24: =IF(OR(短文入力!B22>70,短文入力!B22=0),"",MID(短文入力!D22,43,1)) -> 鳥 | E24: =IF(OR(短文入力!B22>70,短文入力!B22=0),"",MID(短文入力!D22,36,1)) -> ︑ | F24: =IF(OR(短文入力!B22>70,短文入力!B22=0),"",MID(短文入力!D22,29,1)) -> 茶 | G24: =IF(OR(短文入力!B22>70,短文入力!B22=0),"",MID(短文入力!D22,22,1)) -> す | H24: =IF(OR(短文入力!B22>70,短文入力!B22=0),"",MID(短文入力!D22,15,1)) -> 光 | I24: =IF(OR(短文入力!B22>70,短文入力!B22=0),"",MID(短文入力!D22,8,1)) -> 湯 | J24: =IF(OR(短文入力!B22>70,短文入力!B22=0),"",MID(短文入力!D22,1,1)) -> 湯
A25: =IF(OR(短文入力!B22>70,短文入力!B22=0),"",MID(短文入力!D22,65,1)) | B25: =IF(OR(短文入力!B22>70,短文入力!B22=0),"",MID(短文入力!D22,58,1)) -> り | C25: =IF(OR(短文入力!B22>70,短文入力!B22=0),"",MID(短文入力!D22,51,1)) -> 耳 | D25: =IF(OR(短文入力!B22>70,短文入力!B22=0),"",MID(短文入力!D22,44,1)) -> の | E25: =IF(OR(短文入力!B22>70,短文入力!B22=0),"",MID(短文入力!D22,37,1)) -> 庭 | F25: =IF(OR(短文入力!B22>70,短文入力!B22=0),"",MID(短文入力!D22,30,1)) -> で | G25: =IF(OR(短文入力!B22>70,短文入力!B22=0),"",MID(短文入力!D22,23,1)) -> ︒ | H25: =IF(OR(短文入力!B22>70,短文入力!B22=0),"",MID(短文入力!D22,16,1)) -> に | I25: =IF(OR(短文入力!B22>70,短文入力!B22=0),"",MID(短文入力!D22,9,1)) -> 気 | J25: =IF(OR(短文入力!B22>70,短文入力!B22=0),"",MID(短文入力!D22,2,1)) -> の
A26: =IF(OR(短文入力!B22>70,短文入力!B22=0),"",MID(短文入力!D22,66,1)) | B26: =IF(OR(短文入力!B22>70,短文入力!B22=0),"",MID(短文入力!D22,59,1)) -> ま | C26: =IF(OR(短文入力!B22>70,短文入力!B22=0),"",MID(短文入力!D22,52,1)) -> を | D26: =IF(OR(短文入力!B22>70,短文入力!B22=0),"",MID(短文入力!D22,45,1)) -> 声 | E26: =IF(OR(短文入力!B22>70,短文入力!B22=0),"",MID(短文入力!D22,38,1)) -> を | F26: =IF(OR(短文入力!B22>70,短文入力!B22=0),"",MID(短文入力!D22,31,1)) -> 体 | G26: =IF(OR(短文入力!B22>70,短文入力!B22=0),"",MID(短文入力!D22,24,1)) -> ひ | H26: =IF(OR(短文入力!B22>70,短文入力!B22=0),"",MID(短文入力!D22,17,1)) -> 透 | I26: =IF(OR(短文入力!B22>70,短文入力!B22=0),"",MID(短文入力!D22,10,1)) -> が | J26: =IF(OR(短文入力!B22>70,短文入力!B22=0),"",MID(短文入力!D22,3,1)) -> み
A27: =IF(OR(短文入力!B22>70,短文入力!B22=0),"",MID(短文入力!D22,67,1)) | B27: =IF(OR(短文入力!B22>70,短文入力!B22=0),"",MID(短文入力!D22,60,1)) -> し | C27: =IF(OR(短文入力!B22>70,短文入力!B22=0),"",MID(短文入力!D22,53,1)) -> 傾 | D27: =IF(OR(短文入力!B22>70,短文入力!B22=0),"",MID(短文入力!D22,46,1)) -> に | E27: =IF(OR(短文入力!B22>70,短文入力!B22=0),"",MID(短文入力!D22,39,1)) -> 訪 | F27: =IF(OR(短文入力!B22>70,短文入力!B22=0),"",MID(短文入力!D22,32,1)) -> が | G27: =IF(OR(短文入力!B22>70,短文入力!B22=0),"",MID(短文入力!D22,25,1)) -> と | H27: =IF(OR(短文入力!B22>70,短文入力!B22=0),"",MID(短文入力!D22,18,1)) -> け | I27: =IF(OR(短文入力!B22>70,短文入力!B22=0),"",MID(短文入力!D22,11,1)) -> ︑ | J27: =IF(OR(短文入力!B22>70,短文入力!B22=0),"",MID(短文入力!D22,4,1)) -> か
A28: =IF(OR(短文入力!B22>70,短文入力!B22=0),"",MID(短文入力!D22,68,1)) | B28: =IF(OR(短文入力!B22>70,短文入力!B22=0),"",MID(短文入力!D22,61,1)) -> た | C28: =IF(OR(短文入力!B22>70,短文入力!B22=0),"",MID(短文入力!D22,54,1)) -> け | D28: =IF(OR(短文入力!B22>70,短文入力!B22=0),"",MID(短文入力!D22,47,1)) -> ︑ | E28: =IF(OR(短文入力!B22>70,短文入力!B22=0),"",MID(短文入力!D22,40,1)) -> れ | F28: =IF(OR(短文入力!B22>70,短文入力!B22=0),"",MID(短文入力!D22,33,1)) -> 温 | G28: =IF(OR(短文入力!B22>70,短文入力!B22=0),"",MID(短文入力!D22,26,1)) -> 口 | H28: =IF(OR(短文入力!B22>70,短文入力!B22=0),"",MID(短文入力!D22,19,1)) -> て | I28: =IF(OR(短文入力!B22>70,短文入力!B22=0),"",MID(短文入力!D22,12,1)) -> 窓 | J28: =IF(OR(短文入力!B22>70,短文入力!B22=0),"",MID(短文入力!D22,5,1)) -> ら
A29: =IF(OR(短文入力!B22>70,短文入力!B22=0),"",MID(短文入力!D22,69,1)) | B29: =IF(OR(短文入力!B22>70,短文入力!B22=0),"",MID(短文入力!D22,62,1)) -> ︒ | C29: =IF(OR(短文入力!B22>70,短文入力!B22=0),"",MID(短文入力!D22,55,1)) -> た | D29: =IF(OR(短文入力!B22>70,短文入力!B22=0),"",MID(短文入力!D22,48,1)) -> 自 | E29: =IF(OR(短文入力!B22>70,短文入力!B22=0),"",MID(短文入力!D22,41,1)) -> た | F29: =IF(OR(短文入力!B22>70,短文入力!B22=0),"",MID(短文入力!D22,34,1)) -> ま | G29: =IF(OR(短文入力!B22>70,短文入力!B22=0),"",MID(短文入力!D22,27,1)) -> の | H29: =IF(OR(短文入力!B22>70,短文入力!B22=0),"",MID(短文入力!D22,20,1)) -> い | I29: =IF(OR(短文入力!B22>70,短文入力!B22=0),"",MID(短文入力!D22,13,1)) -> 辺 | J29: =IF(OR(短文入力!B22>70,短文入力!B22=0),"",MID(短文入力!D22,6,1)) -> 立
A30: =IF(OR(短文入力!B22>70,短文入力!B22=0),"",MID(短文入力!D22,70,1)) | B30: =IF(OR(短文入力!B22>70,短文入力!B22=0),"",MID(短文入力!D22,63,1)) | C30: =IF(OR(短文入力!B22>70,短文入力!B22=0),"",MID(短文入力!D22,56,1)) -> く | D30: =IF(OR(短文入力!B22>70,短文入力!B22=0),"",MID(短文入力!D22,49,1)) -> 然 | E30: =IF(OR(短文入力!B22>70,短文入力!B22=0),"",MID(短文入力!D22,42,1)) -> 小 | F30: =IF(OR(短文入力!B22>70,短文入力!B22=0),"",MID(短文入力!D22,35,1)) -> り | G30: =IF(OR(短文入力!B22>70,短文入力!B22=0),"",MID(短文入力!D22,28,1)) -> お | H30: =IF(OR(短文入力!B22>70,短文入力!B22=0),"",MID(短文入力!D22,21,1)) -> ま | I30: =IF(OR(短文入力!B22>70,短文入力!B22=0),"",MID(短文入力!D22,14,1)) -> の | J30: =IF(OR(短文入力!B22>70,短文入力!B22=0),"",MID(短文入力!D22,7,1)) -> つ
A32: ← 書き写し

Sheet 長文印刷用
A1: =IF(長文入力!B10="","",IF(LEN(長文入力!B10)>30,"印刷タイトルを30文字以内にしてください",長文入力!B10)) | J1: 見本
A2: お名前 | C2: ＿＿＿＿＿＿＿＿＿＿＿＿＿＿＿＿＿＿＿＿ | H2: =IF(OR(長文入力!B11="",SUBSTITUTE(SUBSTITUTE(長文入力!B11," ","")," ","")="月日")," 月 日",長文入力!B11) -> 月 日
A4: =IF(OR(長文入力!B13>140,長文入力!B13=0),"",MID(長文入力!D13,127,1)) | B4: =IF(OR(長文入力!B13>140,長文入力!B13=0),"",MID(長文入力!D13,113,1)) -> 移 | C4: =IF(OR(長文入力!B13>140,長文入力!B13=0),"",MID(長文入力!D13,99,1)) -> 窓 | D4: =IF(OR(長文入力!B13>140,長文入力!B13=0),"",MID(長文入力!D13,85,1)) -> が | E4: =IF(OR(長文入力!B13>140,長文入力!B13=0),"",MID(長文入力!D13,71,1)) -> 鳥 | F4: =IF(OR(長文入力!B13>140,長文入力!B13=0),"",MID(長文入力!D13,57,1)) -> わ | G4: =IF(OR(長文入力!B13>140,長文入力!B13=0),"",MID(長文入力!D13,43,1)) -> く | H4: =IF(OR(長文入力!B13>140,長文入力!B13=0),"",MID(長文入力!D13,29,1)) -> の | I4: =IF(OR(長文入力!B13>140,長文入力!B13=0),"",MID(長文入力!D13,15,1)) -> さ | J4: =IF(OR(長文入力!B13>140,長文入力!B13=0),"",MID(長文入力!D13,1,1)) -> 雨
A5: =IF(OR(長文入力!B13>140,長文入力!B13=0),"",MID(長文入力!D13,128,1)) | B5: =IF(OR(長文入力!B13>140,長文入力!B13=0),"",MID(長文入力!D13,114,1)) -> り | C5: =IF(OR(長文入力!B13>140,長文入力!B13=0),"",MID(長文入力!D13,100,1)) -> か | D5: =IF(OR(長文入力!B13>140,長文入力!B13=0),"",MID(長文入力!D13,86,1)) -> ぽ | E5: =IF(OR(長文入力!B13>140,長文入力!B13=0),"",MID(長文入力!D13,72,1)) -> が | F5: =IF(OR(長文入力!B13>140,長文入力!B13=0),"",MID(長文入力!D13,58,1)) -> 鮮 | G5: =IF(OR(長文入力!B13>140,長文入力!B13=0),"",MID(長文入力!D13,44,1)) -> は | H5: =IF(OR(長文入力!B13>140,長文入力!B13=0),"",MID(長文入力!D13,30,1)) -> 切 | I5: =IF(OR(長文入力!B13>140,長文入力!B13=0),"",MID(長文入力!D13,16,1)) -> な | J5: =IF(OR(長文入力!B13>140,長文入力!B13=0),"",MID(長文入力!D13,2,1)) -> 上
A6: =IF(OR(長文入力!B13>140,長文入力!B13=0),"",MID(長文入力!D13,129,1)) | B6: =IF(OR(長文入力!B13>140,長文入力!B13=0),"",MID(長文入力!D13,115,1)) -> 変 | C6: =IF(OR(長文入力!B13>140,長文入力!B13=0),"",MID(長文入力!D13,101,1)) -> ら | D6: =IF(OR(長文入力!B13>140,長文入力!B13=0),"",MID(長文入力!D13,87,1)) -> つ | E6: =IF(OR(長文入力!B13>140,長文入力!B13=0),"",MID(長文入力!D13,73,1)) -> 鳴 | F6: =IF(OR(長文入力!B13>140,長文入力!B13=0),"",MID(長文入力!D13,59,1)) -> や | G6: =IF(OR(長文入力!B13>140,長文入力!B13=0),"",MID(長文入力!D13,45,1)) -> 光 | H6: =IF(OR(長文入力!B13>140,長文入力!B13=0),"",MID(長文入力!D13,31,1)) -> れ | I6: =IF(OR(長文入力!B13>140,長文入力!B13=0),"",MID(長文入力!D13,17,1)) -> し | J6: =IF(OR(長文入力!B13>140,長文入力!B13=0),"",MID(長文入力!D13,3,1)) -> が
A7: =IF(OR(長文入力!B13>140,長文入力!B13=0),"",MID(長文入力!D13,130,1)) | B7: =IF(OR(長文入力!B13>140,長文入力!B13=0),"",MID(長文入力!D13,116,1)) -> わ | C7: =IF(OR(長文入力!B13>140,長文入力!B13=0),"",MID(長文入力!D13,102,1)) -> 眺 | D7: =IF(OR(長文入力!B13>140,長文入力!B13=0),"",MID(長文入力!D13,88,1)) -> り | E7: =IF(OR(長文入力!B13>140,長文入力!B13=0),"",MID(長文入力!D13,74,1)) -> き | F7: =IF(OR(長文入力!B13>140,長文入力!B13=0),"",MID(長文入力!D13,60,1)) -> か | G7: =IF(OR(長文入力!B13>140,長文入力!B13=0),"",MID(長文入力!D13,46,1)) -> を | H7: =IF(OR(長文入力!B13>140,長文入力!B13=0),"",MID(長文入力!D13,32,1)) -> 間 | I7: =IF(OR(長文入力!B13>140,長文入力!B13=0),"",MID(長文入力!D13,18,1)) -> ず | J7: =IF(OR(長文入力!B13>140,長文入力!B13=0),"",MID(長文入力!D13,4,1)) -> り
A8: =IF(OR(長文入力!B13>140,長文入力!B13=0),"",MID(長文入力!D13,131,1)) | B8: =IF(OR(長文入力!B13>140,長文入力!B13=0),"",MID(長文入力!D13,117,1)) -> り | C8: =IF(OR(長文入力!B13>140,長文入力!B13=0),"",MID(長文入力!D13,103,1)) -> め | D8: =IF(OR(長文入力!B13>140,長文入力!B13=0),"",MID(長文入力!D13,89,1)) -> と | E8: =IF(OR(長文入力!B13>140,長文入力!B13=0),"",MID(長文入力!D13,75,1)) -> ︑ | F8: =IF(OR(長文入力!B13>140,長文入力!B13=0),"",MID(長文入力!D13,61,1)) -> に | G8: =IF(OR(長文入力!B13>140,長文入力!B13=0),"",MID(長文入力!D13,47,1)) -> 映 | H8: =IF(OR(長文入力!B13>140,長文入力!B13=0),"",MID(長文入力!D13,33,1)) -> か | I8: =IF(OR(長文入力!B13>140,長文入力!B13=0),"",MID(長文入力!D13,19,1)) -> く | J8: =IF(OR(長文入力!B13>140,長文入力!B13=0),"",MID(長文入力!D13,5,1)) -> の
A9: =IF(OR(長文入力!B13>140,長文入力!B13=0),"",MID(長文入力!D13,132,1)) | B9: =IF(OR(長文入力!B13>140,長文入力!B13=0),"",MID(長文入力!D13,118,1)) -> を | C9: =IF(OR(長文入力!B13>140,長文入力!B13=0),"",MID(長文入力!D13,104,1)) -> る | D9: =IF(OR(長文入力!B13>140,長文入力!B13=0),"",MID(長文入力!D13,90,1)) -> 落 | E9: =IF(OR(長文入力!B13>140,長文入力!B13=0),"",MID(長文入力!D13,76,1)) -> 風 | F9: =IF(OR(長文入力!B13>140,長文入力!B13=0),"",MID(長文入力!D13,62,1)) -> 見 | G9: =IF(OR(長文入力!B13>140,長文入力!B13=0),"",MID(長文入力!D13,48,1)) -> し | H9: =IF(OR(長文入力!B13>140,長文入力!B13=0),"",MID(長文入力!D13,34,1)) -> ら | I9: =IF(OR(長文入力!B13>140,長文入力!B13=0),"",MID(長文入力!D13,20,1)) -> が | J9: =IF(OR(長文入力!B13>140,長文入力!B13=0),"",MID(長文入力!D13,6,1)) -> 庭
A10: =IF(OR(長文入力!B13>140,長文入力!B13=0),"",MID(長文入力!D13,133,1)) | B10: =IF(OR(長文入力!B13>140,長文入力!B13=0),"",MID(長文入力!D13,119,1)) -> 感 | C10: =IF(OR(長文入力!B13>140,長文入力!B13=0),"",MID(長文入力!D13,105,1)) -> 景 | D10: =IF(OR(長文入力!B13>140,長文入力!B13=0),"",MID(長文入力!D13,91,1)) -> ち | E10: =IF(OR(長文入力!B13>140,長文入力!B13=0),"",MID(長文入力!D13,77,1)) -> に | F10: =IF(OR(長文入力!B13>140,長文入力!B13=0),"",MID(長文入力!D13,63,1)) -> え | G10: =IF(OR(長文入力!B13>140,長文入力!B13=0),"",MID(長文入力!D13,49,1)) -> ︑ | H10: =IF(OR(長文入力!B13>140,長文入力!B13=0),"",MID(長文入力!D13,35,1)) -> 日 | I10: =IF(OR(長文入力!B13>140,長文入力!B13=0),"",MID(長文入力!D13,21,1)) -> 残 | J10: =IF(OR(長文入力!B13>140,長文入力!B13=0),"",MID(長文入力!D13,7,1)) -> で
A11: =IF(OR(長文入力!B13>140,長文入力!B13=0),"",MID(長文入力!D13,134,1)) | B11: =IF(OR(長文入力!B13>140,長文入力!B13=0),"",MID(長文入力!D13,120,1)) -> じ | C11: =IF(OR(長文入力!B13>140,長文入力!B13=0),"",MID(長文入力!D13,106,1)) -> 色 | D11: =IF(OR(長文入力!B13>140,長文入力!B13=0),"",MID(長文入力!D13,92,1)) -> ま | E11: =IF(OR(長文入力!B13>140,長文入力!B13=0),"",MID(長文入力!D13,78,1)) -> 揺 | F11: =IF(OR(長文入力!B13>140,長文入力!B13=0),"",MID(長文入力!D13,64,1)) -> ま | G11: =IF(OR(長文入力!B13>140,長文入力!B13=0),"",MID(長文入力!D13,50,1)) -> 葉 | H11: =IF(OR(長文入力!B13>140,長文入力!B13=0),"",MID(長文入力!D13,36,1)) -> が | I11: =IF(OR(長文入力!B13>140,長文入力!B13=0),"",MID(長文入力!D13,22,1)) -> っ | J11: =IF(OR(長文入力!B13>140,長文入力!B13=0),"",MID(長文入力!D13,8,1)) -> は
A12: =IF(OR(長文入力!B13>140,長文入力!B13=0),"",MID(長文入力!D13,135,1)) | B12: =IF(OR(長文入力!B13>140,長文入力!B13=0),"",MID(長文入力!D13,121,1)) -> ら | C12: =IF(OR(長文入力!B13>140,長文入力!B13=0),"",MID(長文入力!D13,107,1)) -> に | D12: =IF(OR(長文入力!B13>140,長文入力!B13=0),"",MID(長文入力!D13,93,1)) -> す | E12: =IF(OR(長文入力!B13>140,長文入力!B13=0),"",MID(長文入力!D13,79,1)) -> れ | F12: =IF(OR(長文入力!B13>140,長文入力!B13=0),"",MID(長文入力!D13,65,1)) -> し | G12: =IF(OR(長文入力!B13>140,長文入力!B13=0),"",MID(長文入力!D13,51,1)) -> の | H12: =IF(OR(長文入力!B13>140,長文入力!B13=0),"",MID(長文入力!D13,37,1)) -> 差 | I12: =IF(OR(長文入力!B13>140,長文入力!B13=0),"",MID(長文入力!D13,23,1)) -> て | J12: =IF(OR(長文入力!B13>140,長文入力!B13=0),"",MID(長文入力!D13,9,1)) -> ︑
A13: =IF(OR(長文入力!B13>140,長文入力!B13=0),"",MID(長文入力!D13,136,1)) | B13: =IF(OR(長文入力!B13>140,長文入力!B13=0),"",MID(長文入力!D13,122,1)) -> れ | C13: =IF(OR(長文入力!B13>140,長文入力!B13=0),"",MID(長文入力!D13,108,1)) -> も | D13: =IF(OR(長文入力!B13>140,長文入力!B13=0),"",MID(長文入力!D13,94,1)) -> ︒ | E13: =IF(OR(長文入力!B13>140,長文入力!B13=0),"",MID(長文入力!D13,80,1)) -> た | F13: =IF(OR(長文入力!B13>140,長文入力!B13=0),"",MID(長文入力!D13,66,1)) -> た | G13: =IF(OR(長文入力!B13>140,長文入力!B13=0),"",MID(長文入力!D13,52,1)) -> 色 | H13: =IF(OR(長文入力!B13>140,長文入力!B13=0),"",MID(長文入力!D13,38,1)) -> す | I13: =IF(OR(長文入力!B13>140,長文入力!B13=0),"",MID(長文入力!D13,24,1)) -> い | J13: =IF(OR(長文入力!B13>140,長文入力!B13=0),"",MID(長文入力!D13,10,1)) -> 草
A14: =IF(OR(長文入力!B13>140,長文入力!B13=0),"",MID(長文入力!D13,137,1)) | B14: =IF(OR(長文入力!B13>140,長文入力!B13=0),"",MID(長文入力!D13,123,1)) -> ま | C14: =IF(OR(長文入力!B13>140,長文入力!B13=0),"",MID(長文入力!D13,109,1)) -> ︑ | D14: =IF(OR(長文入力!B13>140,長文入力!B13=0),"",MID(長文入力!D13,95,1)) -> い | E14: =IF(OR(長文入力!B13>140,長文入力!B13=0),"",MID(長文入力!D13,81,1)) -> 枝 | F14: =IF(OR(長文入力!B13>140,長文入力!B13=0),"",MID(長文入力!D13,67,1)) -> ︒ | G14: =IF(OR(長文入力!B13>140,長文入力!B13=0),"",MID(長文入力!D13,53,1)) -> も | H14: =IF(OR(長文入力!B13>140,長文入力!B13=0),"",MID(長文入力!D13,39,1)) -> と | I14: =IF(OR(長文入力!B13>140,長文入力!B13=0),"",MID(長文入力!D13,25,1)) -> ま | J14: =IF(OR(長文入力!B13>140,長文入力!B13=0),"",MID(長文入力!D13,11,1)) -> の
A15: =IF(OR(長文入力!B13>140,長文入力!B13=0),"",MID(長文入力!D13,138,1)) | B15: =IF(OR(長文入力!B13>140,長文入力!B13=0),"",MID(長文入力!D13,124,1)) -> す | C15: =IF(OR(長文入力!B13>140,長文入力!B13=0),"",MID(長文入力!D13,110,1)) -> 季 | D15: =IF(OR(長文入力!B13>140,長文入力!B13=0),"",MID(長文入力!D13,96,1)) -> つ | E15: =IF(OR(長文入力!B13>140,長文入力!B13=0),"",MID(長文入力!D13,82,1)) -> か | F15: =IF(OR(長文入力!B13>140,長文入力!B13=0),"",MID(長文入力!D13,68,1)) -> 遠 | G15: =IF(OR(長文入力!B13>140,長文入力!B13=0),"",MID(長文入力!D13,54,1)) -> ひ | H15: =IF(OR(長文入力!B13>140,長文入力!B13=0),"",MID(長文入力!D13,40,1)) -> ︑ | I15: =IF(OR(長文入力!B13>140,長文入力!B13=0),"",MID(長文入力!D13,26,1)) -> す | J15: =IF(OR(長文入力!B13>140,長文入力!B13=0),"",MID(長文入力!D13,12,1)) -> 先
A16: =IF(OR(長文入力!B13>140,長文入力!B13=0),"",MID(長文入力!D13,139,1)) | B16: =IF(OR(長文入力!B13>140,長文入力!B13=0),"",MID(長文入力!D13,125,1)) -> ︒ | C16: =IF(OR(長文入力!B13>140,長文入力!B13=0),"",MID(長文入力!D13,111,1)) -> 節 | D16: =IF(OR(長文入力!B13>140,長文入力!B13=0),"",MID(長文入力!D13,97,1)) -> も | E16: =IF(OR(長文入力!B13>140,長文入力!B13=0),"",MID(長文入力!D13,83,1)) -> ら | F16: =IF(OR(長文入力!B13>140,長文入力!B13=0),"",MID(長文入力!D13,69,1)) -> く | G16: =IF(OR(長文入力!B13>140,長文入力!B13=0),"",MID(長文入力!D13,55,1)) -> と | H16: =IF(OR(長文入力!B13>140,長文入力!B13=0),"",MID(長文入力!D13,41,1)) -> し | I16: =IF(OR(長文入力!B13>140,長文入力!B13=0),"",MID(長文入力!D13,27,1)) -> ︒ | J16: =IF(OR(長文入力!B13>140,長文入力!B13=0),"",MID(長文入力!D13,13,1)) -> に
A17: =IF(OR(長文入力!B13>140,長文入力!B13=0),"",MID(長文入力!D13,140,1)) | B17: =IF(OR(長文入力!B13>140,長文入力!B13=0),"",MID(長文入力!D13,126,1)) | C17: =IF(OR(長文入力!B13>140,長文入力!B13=0),"",MID(長文入力!D13,112,1)) -> の | D17: =IF(OR(長文入力!B13>140,長文入力!B13=0),"",MID(長文入力!D13,98,1)) -> の | E17: =IF(OR(長文入力!B13>140,長文入力!B13=0),"",MID(長文入力!D13,84,1)) -> 水 | F17: =IF(OR(長文入力!B13>140,長文入力!B13=0),"",MID(長文入力!D13,70,1)) -> で | G17: =IF(OR(長文入力!B13>140,長文入力!B13=0),"",MID(長文入力!D13,56,1)) -> き | H17: =IF(OR(長文入力!B13>140,長文入力!B13=0),"",MID(長文入力!D13,42,1)) -> ず | I17: =IF(OR(長文入力!B13>140,長文入力!B13=0),"",MID(長文入力!D13,28,1)) -> 雲 | J17: =IF(OR(長文入力!B13>140,長文入力!B13=0),"",MID(長文入力!D13,14,1)) -> 小
A19: ← 書き写し

Sheet 短文入力
A1: 標準の入力（試用版）
B2: 試用版：職場PCの印刷プレビューと試し刷りを確認してからお使いください。AIテーマ → 依頼文をコピー → 本文を貼る → 印刷
A3: 縦の文字数（固定） | B3: 7
A4: 横の列数（固定） | B4: =10 -> 10
A5: 1つの見本の上限 | B5: =B3*B4 -> 70
A6: 用紙タイプ | B6: 標準70字（2回分・固定）
A7: 上段の入力
A8: AIテーマ（詳しい指示・印刷されません） | B8: 落ち葉と木漏れ日
A9: コピー用AI依頼文 | B9: ="高齢者向けの書き写しレクリエーション用に、テーマ「"&B8&"」で日本語の文章を1つ作ってください。縦"&$B$3&"字×"&$B$4&"列の枠に使います。60～"&$B$5&"字を目安に、"&$B$5&"字以内で。句読点・空白も各1字に数え、出力前に確認してください。具体的な情景、小さな発見、正確な豆知識などから1つを選んで掘り下げ、読後に気持ちが動いたり、会話が生まれたりする内容にしてください。平易で自然な2～3文とし、大人への敬意を保ってください。一般論の羅列、言葉の水増し、説教や命令口調を避け、知識を扱う場合は確かな事実だけを使ってください。題名・説明・文字数表示・ふりがな・絵文字・個人情報は付けず、本文だけを改行なしで返してください。" -> 高齢者向けの書き写しレクリエーション用に、テーマ「落ち葉と木漏れ日」で日本語の文章を1つ作ってください。縦7字×10列の枠に使います。60～70字を目安に、70字以内で。句読点・空白も各1字に数え、出力前に確認してください。具体的な情景、小さな発見、正確な豆知識などから1つを選んで掘り下げ、読後に気持ちが動いたり、会話が生まれたりする内容にしてください。平易で自然な2～3文とし、大人への敬意を保ってください。一般論の羅列、言葉の水増し、説教や命令口調を避け、知識を扱う場合は確かな事実だけを使ってください。題名・説明・文字数表示・ふりがな・絵文字・個人情報は付けず、本文だけを改行なしで返してください。
A10: 印刷タイトル（任意・ここが印刷されます） | D10: 整形の確認（自動計算）
A11: 日付（任意） | B11: 月 日
A12: 本文を貼る | B12: 秋の小道の上に、赤や黄色の葉が重なっています。風が通るたびに一枚の葉がくるりと舞い、木漏れ日の中へ静かに降りていきました。 | D12: =SUBSTITUTE(SUBSTITUTE(SUBSTITUTE(B12,CHAR(13),""),CHAR(10),""),CHAR(9),"") -> 秋の小道の上に、赤や黄色の葉が重なっています。風が通るたびに一枚の葉がくるりと舞い、木漏れ日の中へ静かに降りていきました。
A13: 現在の文字数 | B13: =LEN(D12) -> 61 | D13: =SUBSTITUTE(SUBSTITUTE(SUBSTITUTE(SUBSTITUTE(SUBSTITUTE(SUBSTITUTE(SUBSTITUTE(SUBSTITUTE(SUBSTITUTE(D12,"、","︑"),"。","︒"),"「","﹁"),"」","﹂"),"『","﹃"),"』","﹄"),"（","︵"),"）","︶"),"ー","︱") -> 秋の小道の上に︑赤や黄色の葉が重なっています︒風が通るたびに一枚の葉がくるりと舞い︑木漏れ日の中へ静かに降りていきました︒
A14: 確認 | B14: =IF(B13>$B$5,"文字数超過："&(B13-$B$5)&"文字減らしてください。見本は表示しません。",IF(B13=0,"本文を貼り付けてください。","印刷できます（"&B13&" / "&$B$5&"文字）"))&IF(LEN(B10)>30,CHAR(10)&"印刷タイトルを30文字以内にしてください。","") -> 印刷できます（61 / 70文字）
A16: 下段の入力
A17: AIテーマ（詳しい指示・印刷されません） | B17: 窓辺のお茶と小鳥
A18: コピー用AI依頼文 | B18: ="高齢者向けの書き写しレクリエーション用に、テーマ「"&B17&"」で日本語の文章を1つ作ってください。縦"&$B$3&"字×"&$B$4&"列の枠に使います。60～"&$B$5&"字を目安に、"&$B$5&"字以内で。句読点・空白も各1字に数え、出力前に確認してください。具体的な情景、小さな発見、正確な豆知識などから1つを選んで掘り下げ、読後に気持ちが動いたり、会話が生まれたりする内容にしてください。平易で自然な2～3文とし、大人への敬意を保ってください。一般論の羅列、言葉の水増し、説教や命令口調を避け、知識を扱う場合は確かな事実だけを使ってください。題名・説明・文字数表示・ふりがな・絵文字・個人情報は付けず、本文だけを改行なしで返してください。" -> 高齢者向けの書き写しレクリエーション用に、テーマ「窓辺のお茶と小鳥」で日本語の文章を1つ作ってください。縦7字×10列の枠に使います。60～70字を目安に、70字以内で。句読点・空白も各1字に数え、出力前に確認してください。具体的な情景、小さな発見、正確な豆知識などから1つを選んで掘り下げ、読後に気持ちが動いたり、会話が生まれたりする内容にしてください。平易で自然な2～3文とし、大人への敬意を保ってください。一般論の羅列、言葉の水増し、説教や命令口調を避け、知識を扱う場合は確かな事実だけを使ってください。題名・説明・文字数表示・ふりがな・絵文字・個人情報は付けず、本文だけを改行なしで返してください。
A19: 印刷タイトル（任意・ここが印刷されます） | D19: 整形の確認（自動計算）
A20: 日付（任意） | B20: 月 日
A21: 本文を貼る | B21: 湯のみから立つ湯気が、窓辺の光に透けています。ひと口のお茶で体が温まり、庭を訪れた小鳥の声に、自然と耳を傾けたくなりました。 | D21: =SUBSTITUTE(SUBSTITUTE(SUBSTITUTE(B21,CHAR(13),""),CHAR(10),""),CHAR(9),"") -> 湯のみから立つ湯気が、窓辺の光に透けています。ひと口のお茶で体が温まり、庭を訪れた小鳥の声に、自然と耳を傾けたくなりました。
A22: 現在の文字数 | B22: =LEN(D21) -> 62 | D22: =SUBSTITUTE(SUBSTITUTE(SUBSTITUTE(SUBSTITUTE(SUBSTITUTE(SUBSTITUTE(SUBSTITUTE(SUBSTITUTE(SUBSTITUTE(D21,"、","︑"),"。","︒"),"「","﹁"),"」","﹂"),"『","﹃"),"』","﹄"),"（","︵"),"）","︶"),"ー","︱") -> 湯のみから立つ湯気が︑窓辺の光に透けています︒ひと口のお茶で体が温まり︑庭を訪れた小鳥の声に︑自然と耳を傾けたくなりました︒
A23: 確認 | B23: =IF(B22>$B$5,"文字数超過："&(B22-$B$5)&"文字減らしてください。見本は表示しません。",IF(B22=0,"本文を貼り付けてください。","印刷できます（"&B22&" / "&$B$5&"文字）"))&IF(LEN(B19)>30,CHAR(10)&"印刷タイトルを30文字以内にしてください。","") -> 印刷できます（62 / 70文字）
A24: 貼り付け方 | B24: B12（上段）またはB21（下段）を選び、数式バーをクリックしてから本文を貼り付けます。セルをダブルクリックして編集状態にしても貼れます。通常のセル貼り付けは、改行で複数セルに分かれることがあるので避けてください。
A25: 文字の数え方 | B25: 改行（CR/LF）とタブは除外します。句読点・半角空白・全角空白は各1文字です。絵文字や特殊な文字は使わず、AIの文字数表示ではなく、このシートの確認欄を見てください。
A26: 配置について | B26: このシートは縦7文字×10列で各70文字、上下2回分です。140文字の文章は「長文入力」を使います。右端から読みます。各見本列の上下に空きを設けています。句読点を列頭から移す禁則処理は行いません。
A27: 印刷 | B27: 「印刷用」のA1:J39が印刷範囲です。このシートだけを選んで印刷します。A4・縦向きで、まず倍率100%のプレビューを確認してください。1ページに収まらない場合は余白または倍率を調整してください。
A28: 書式 | B28: 見本は Klee One・18ptです。Klee Oneの表示には端末へのインストールが必要です。端末にない場合は代替書体になります。印刷プレビューで確認し、必要ならインストール済みの読みやすい書体を選んでください。フォントは同梱していません。書式は「印刷用」のA4:J10・A24:J30で変更できます。
A29: 試用例 | B29: 本文はこの試用版のために作ったオリジナルの季節の例文です。AIテーマ・印刷タイトル・日付・本文を黄色の欄で変更できます。AIには各段の依頼文をコピーして使います。

Sheet 長文入力
A1: 長文の入力（140文字・試用版）
B2: 試用版：職場PCの印刷プレビューと試し刷りを確認してからお使いください。AIテーマ → 依頼文をコピー → 本文を貼る → 印刷
A3: 縦の文字数（固定） | B3: 14
A4: 横の列数（固定） | B4: =10 -> 10
A5: 1つの見本の上限 | B5: =B3*B4 -> 140
A6: 用紙タイプ | B6: 長文140字（1回分）
A7: 長文の入力
A8: AIテーマ（詳しい指示・印刷されません） | B8: 雨上がりの庭の小さな変化
A9: コピー用AI依頼文 | B9: ="高齢者向けの書き写しレクリエーション用に、テーマ「"&B8&"」で日本語の文章を1つ作ってください。縦"&$B$3&"字×"&$B$4&"列の枠に使います。120～"&$B$5&"字を目安に、"&$B$5&"字以内で。句読点・空白も各1字に数え、出力前に確認してください。具体的な情景、小さな発見、正確な豆知識などから1つを選んで掘り下げ、読後に気持ちが動いたり、会話が生まれたりする内容にしてください。平易で自然な3～4文とし、大人への敬意を保ってください。一般論の羅列、言葉の水増し、説教や命令口調を避け、知識を扱う場合は確かな事実だけを使ってください。題名・説明・文字数表示・ふりがな・絵文字・個人情報は付けず、本文だけを改行なしで返してください。" -> 高齢者向けの書き写しレクリエーション用に、テーマ「雨上がりの庭の小さな変化」で日本語の文章を1つ作ってください。縦14字×10列の枠に使います。120～140字を目安に、140字以内で。句読点・空白も各1字に数え、出力前に確認してください。具体的な情景、小さな発見、正確な豆知識などから1つを選んで掘り下げ、読後に気持ちが動いたり、会話が生まれたりする内容にしてください。平易で自然な3～4文とし、大人への敬意を保ってください。一般論の羅列、言葉の水増し、説教や命令口調を避け、知識を扱う場合は確かな事実だけを使ってください。題名・説明・文字数表示・ふりがな・絵文字・個人情報は付けず、本文だけを改行なしで返してください。
A10: 印刷タイトル（任意・ここが印刷されます） | D10: 整形の確認（自動計算）
A11: 日付（任意） | B11: 月 日
A12: 本文を貼る | B12: 雨上がりの庭では、草の先に小さなしずくが残っています。雲の切れ間から日が差すと、しずくは光を映し、葉の色もひときわ鮮やかに見えました。遠くで鳥が鳴き、風に揺れた枝から水がぽつりと落ちます。いつもの窓から眺める景色にも、季節の移り変わりを感じられます。 | D12: =SUBSTITUTE(SUBSTITUTE(SUBSTITUTE(B12,CHAR(13),""),CHAR(10),""),CHAR(9),"") -> 雨上がりの庭では、草の先に小さなしずくが残っています。雲の切れ間から日が差すと、しずくは光を映し、葉の色もひときわ鮮やかに見えました。遠くで鳥が鳴き、風に揺れた枝から水がぽつりと落ちます。いつもの窓から眺める景色にも、季節の移り変わりを感じられます。
A13: 現在の文字数 | B13: =LEN(D12) -> 125 | D13: =SUBSTITUTE(SUBSTITUTE(SUBSTITUTE(SUBSTITUTE(SUBSTITUTE(SUBSTITUTE(SUBSTITUTE(SUBSTITUTE(SUBSTITUTE(D12,"、","︑"),"。","︒"),"「","﹁"),"」","﹂"),"『","﹃"),"』","﹄"),"（","︵"),"）","︶"),"ー","︱") -> 雨上がりの庭では︑草の先に小さなしずくが残っています︒雲の切れ間から日が差すと︑しずくは光を映し︑葉の色もひときわ鮮やかに見えました︒遠くで鳥が鳴き︑風に揺れた枝から水がぽつりと落ちます︒いつもの窓から眺める景色にも︑季節の移り変わりを感じられます︒
A14: 確認 | B14: =IF(B13>$B$5,"文字数超過："&(B13-$B$5)&"文字減らしてください。見本は表示しません。",IF(B13=0,"本文を貼り付けてください。","印刷できます（"&B13&" / "&$B$5&"文字）"))&IF(LEN(B10)>30,CHAR(10)&"印刷タイトルを30文字以内にしてください。","") -> 印刷できます（125 / 140文字）
A16: 使い方
A17: 1 テーマ | B17: B8のAIテーマは詳しい指示用で、印刷されません。B10の印刷タイトルは任意で手入力し、空欄なら見出しなしになります。日付はB11で変更します。
A18: 2 AIへ依頼 | B18: B9の依頼文をコピーし、ChatGPTなどのAIに貼り付けます。テーマに合わせて自動で変わります。このシートからAIへ自動送信はしません。
A19: 3 本文を貼る | B19: B12を選び、数式バーをクリックしてからAIの本文だけを貼り付けます。セルをダブルクリックして編集状態にしても貼れます。通常のセル貼り付けは、改行で複数セルに分かれるため避けてください。
A20: 4 文字数を確認 | B20: B14が「印刷できます」なら準備完了です。140文字を超えると見本は表示しません。改行（CR/LF）とタブは除外し、句読点・半角空白・全角空白は各1文字で数えます。
A21: 5 印刷用を開く | B21: 画面下の「長文印刷用」シートを選びます（縦14文字×10列）。
A22: 印刷設定 | B22: 「長文印刷用」のA1:J33が印刷範囲です。このシートだけを選んで印刷します。A4・縦向きで、まず倍率100%のプレビューを確認してください。1ページに収まらない場合は余白または倍率を調整してください。
A23: 文字と配置 | B23: 見本は Klee One・18ptです。Klee Oneの表示には端末へのインストールが必要です。端末にない場合は代替書体になります。印刷プレビューで確認し、必要ならインストール済みの読みやすい書体を選んでください。フォントは同梱していません。書式は「長文印刷用」のA4:J17で変更できます。右端から読みます。句読点の禁則処理は行いません。
A24: 標準70文字 | B24: 2回分の短い文章は、画面下の「短文入力」シートを選びます。
